StartDate,EndDate,Status,Progress,Duration (in seconds),Finished,RecordedDate,ResponseId,RecipientLastName,RecipientFirstName,RecipientEmail,ExternalReference,DistributionChannel,UserLanguage,Timer_First Click,Timer_Last Click,Timer_Page Submit,Timer_Click Count,ba1_6_Q11_1,ba1_6_Q19,ba1_6_Q18,ba1_6_Q15,ba1_6_Q16,Ethnicity,Ethnicity_6_TEXT,Gender,Gender_5_TEXT,age_1,marital,sex_or,Income,Education,ba1_6_iv_DO
Start Date,End Date,Response Type,Progress,Duration (in seconds),Finished,Recorded Date,Response ID,Recipient Last Name,Recipient First Name,Recipient Email,External Data Reference,Distribution Channel,User Language,Timing - First Click,Timing - Last Click,Timing - Page Submit,Timing - Click Count,Please answer the following question - Are you willing to upgrade to ChatGPT Plus plan?,Which plan will you go with?,Which plan will you go with?,What is your current primary use of ChatGPT?,What is your intended primary use of ChatGPT Plus if you ever planned to upgrade it?,Which race or ethnicity best describes you? - Selected Choice,Which race or ethnicity best describes you? - Other - Text,Which gender identity do you associate with? - Selected Choice,Which gender identity do you associate with? - Self Describe - Text,What is your age? - Please indicate your age here,What is your Marital Status?,Which of the following best describes your sexual orientation?,What is your household's income level?,What is your education level?,ba1_6_iv - Display Order
2/23/2023 13:02,2/23/2023 13:04,0,100,138,1,2/23/2023 13:04,R_3LifFpMSgfI5Kok,,,,,anonymous,EN,0,0,4.029,0,3,,1,3,2,1,,1,,45,2,1,2,2,decoy
2/23/2023 13:01,2/23/2023 13:05,0,100,193,1,2/23/2023 13:05,R_3DwrMoqlRRCltN1,,,,,anonymous,EN,4.516,4.516,10.611,1,3,,1,2,1,4,,1,,29,1,2,5,4,decoy
2/23/2023 13:01,2/23/2023 13:05,0,100,189,1,2/23/2023 13:05,R_1E0Y6a1MeIt9l2t,,,,,anonymous,EN,0,0,2.02,0,,2,,2,2,1,,1,,25,1,4,5,4,control
2/23/2023 13:02,2/23/2023 13:05,0,100,162,1,2/23/2023 13:05,R_2pKc2ZFHI15nHu1,,,,,anonymous,EN,0,0,3.226,0,3,,1,4,2,1,,1,,25,2,1,4,4,decoy
2/23/2023 13:02,2/23/2023 13:05,0,100,168,1,2/23/2023 13:05,R_23167ThAPuvNTZx,,,,,anonymous,EN,0,0,2.036,0,6,,1,2,2,1,,2,,60,2,1,3,5,decoy
2/23/2023 13:03,2/23/2023 13:05,0,100,120,1,2/23/2023 13:05,R_2zTvbxFRwdVLA8C,,,,,anonymous,EN,0,0,6.388,0,4,1,,1,3,1,,2,,69,1,1,2,3,control
2/23/2023 13:02,2/23/2023 13:05,0,100,167,1,2/23/2023 13:05,R_cLXuViWmcekT5Yt,,,,,anonymous,EN,0,0,7.077,0,3,,1,4,4,1,,2,,41,3,1,3,5,decoy
2/23/2023 13:02,2/23/2023 13:05,0,100,198,1,2/23/2023 13:05,R_2frBPzgQkgEQAss,,,,,anonymous,EN,2.311,2.311,9.39,1,7,,1,2,2,1,,2,,41,2,1,3,5,decoy
2/23/2023 13:02,2/23/2023 13:05,0,100,219,1,2/23/2023 13:05,R_1EhzbUXtmqeMRgl,,,,,anonymous,EN,2.051,10.282,11.543,5,,,3,2,2,1,,1,,34,1,1,4,4,decoy
2/23/2023 13:02,2/23/2023 13:05,0,100,235,1,2/23/2023 13:05,R_3fwqKGULv9CTb1X,,,,,anonymous,EN,1.396,1.396,3.542,1,6,1,,2,1,1,,2,,56,2,2,2,5,control
2/23/2023 13:01,2/23/2023 13:05,0,100,247,1,2/23/2023 13:05,R_3CSA2V5imPb8p6p,,,,,anonymous,EN,0,0,17.815,0,3,1,,2,2,1,,1,,28,1,1,3,4,control
2/23/2023 13:03,2/23/2023 13:06,0,100,157,1,2/23/2023 13:06,R_W9iIrNbJXvRD6wN,,,,,anonymous,EN,0,0,1.642,0,6,,1,4,4,1,,1,,28,2,1,5,4,decoy
2/23/2023 13:03,2/23/2023 13:06,0,100,169,1,2/23/2023 13:06,R_qDuGdK3hUYWof5L,,,,,anonymous,EN,0,0,2.242,0,6,2,,1,1,1,,1,,40,2,1,2,5,control
2/23/2023 13:02,2/23/2023 13:06,0,100,217,1,2/23/2023 13:06,R_OqzzqKZtHP27Wwh,,,,,anonymous,EN,0,0,3.132,0,6,,2,2,2,1,,2,,42,2,1,4,4,decoy
2/23/2023 13:01,2/23/2023 13:06,0,100,259,1,2/23/2023 13:06,R_1n6DmKJaFrtCIte,,,,,anonymous,EN,0,0,9.81,0,4,1,,4,4,4,,1,,34,1,1,2,2,control
2/23/2023 13:02,2/23/2023 13:06,0,100,199,1,2/23/2023 13:06,R_2aRFTdyj9mTndjx,,,,,anonymous,EN,1.845,6.117,7.397,7,6,1,,4,2,1,,1,,28,1,1,2,2,control
2/23/2023 13:02,2/23/2023 13:06,0,100,240,1,2/23/2023 13:06,R_schAjBk0oKSJJLP,,,,,anonymous,EN,1.684,3.138,3.634,2,6,,1,1,1,1,,1,,35,2,2,2,5,decoy
2/23/2023 13:02,2/23/2023 13:06,0,100,209,1,2/23/2023 13:06,R_bNTI63H399LzSxP,,,,,anonymous,EN,0,0,3.205,0,4,1,,3,3,1,,2,,25,1,1,2,3,control
2/23/2023 13:03,2/23/2023 13:06,0,100,181,1,2/23/2023 13:06,R_1feEbXTXc9pNqVy,,,,,anonymous,EN,0,0,3.351,0,5,1,,2,3,1,,2,,40,2,2,3,4,control
2/23/2023 13:03,2/23/2023 13:06,0,100,205,1,2/23/2023 13:06,R_1kHzM3jaPlPyWwq,,,,,anonymous,EN,2.143,4.799,6.839,4,6,,2,1,4,1,,2,,33,2,1,4,4,decoy
2/23/2023 13:03,2/23/2023 13:06,0,100,216,1,2/23/2023 13:06,R_2CIh8BQdxqe2BVL,,,,,anonymous,EN,6.43,6.43,11.875,1,3,1,,4,2,4,,1,,30,2,1,4,5,control
2/23/2023 13:03,2/23/2023 13:06,0,100,205,1,2/23/2023 13:06,R_2OSCMuWdswcKUge,,,,,anonymous,EN,0,0,3.588,0,6,2,,3,2,1,,2,,43,2,2,3,5,control
2/23/2023 13:02,2/23/2023 13:06,0,100,275,1,2/23/2023 13:06,R_1gcf4He8A563QNn,,,,,anonymous,EN,0,0,13.326,0,6,2,,1,1,2,,1,,23,1,1,2,2,control
2/23/2023 13:02,2/23/2023 13:06,0,100,280,1,2/23/2023 13:06,R_0Ih3XKCbPSeYrvj,,,,,anonymous,EN,0,0,12.989,0,3,1,,3,3,1,,2,,45,1,1,1,2,control
2/23/2023 13:04,2/23/2023 13:07,0,100,129,1,2/23/2023 13:07,R_32VfnvbqnHQLJoR,,,,,anonymous,EN,1.289,1.289,2.096,1,6,1,,3,1,1,,2,,56,2,2,4,5,control
2/23/2023 13:02,2/23/2023 13:07,0,100,259,1,2/23/2023 13:07,R_2P0Q9KmmNqPaoln,,,,,anonymous,EN,0,0,14.331,0,6,2,,2,2,2,,2,,36,1,1,3,3,control
2/23/2023 13:02,2/23/2023 13:07,0,100,289,1,2/23/2023 13:07,R_AbUS0tN7qQXRT0t,,,,,anonymous,EN,0,0,17.315,0,3,,1,4,2,1,,2,,59,2,1,5,4,decoy
2/23/2023 13:02,2/23/2023 13:07,0,100,260,1,2/23/2023 13:07,R_ypSrrtp5I2evJaV,,,,,anonymous,EN,1.719,1.719,2.759,1,6,1,,3,1,1,,2,,46,2,2,3,5,control
2/23/2023 13:02,2/23/2023 13:07,0,100,299,1,2/23/2023 13:07,R_3h4HUOnpvqhGbkJ,,,,,anonymous,EN,0,0,1.872,0,7,,1,3,1,1,,1,,33,2,3,3,4,decoy
2/23/2023 13:02,2/23/2023 13:07,0,100,270,1,2/23/2023 13:07,R_T745cUE2in4bG9z,,,,,anonymous,EN,2.896,2.896,5,1,6,,1,3,3,1,,1,,34,2,1,4,5,decoy
2/23/2023 13:04,2/23/2023 13:07,0,100,193,1,2/23/2023 13:07,R_5t3o0PLJGlSAlY5,,,,,anonymous,EN,0,0,2.735,0,7,,2,3,3,1,,1,,25,2,3,2,5,decoy
2/23/2023 13:03,2/23/2023 13:07,0,100,263,1,2/23/2023 13:07,R_3dLifZdlI7iUHwG,,,,,anonymous,EN,0,0,7.396,0,6,,1,1,1,1,,1,,35,1,2,3,4,decoy
2/23/2023 13:04,2/23/2023 13:07,0,100,216,1,2/23/2023 13:07,R_1f1KgWGt70zX8Dh,,,,,anonymous,EN,0,0,12.118,0,3,1,,3,3,1,,1,,23,1,3,1,4,control
2/23/2023 13:04,2/23/2023 13:07,0,100,224,1,2/23/2023 13:07,R_1Cr10PbGm8mMwYd,,,,,anonymous,EN,0,0,5.872,0,4,1,,4,1,1,,1,,27,1,1,3,5,control
2/23/2023 13:03,2/23/2023 13:08,0,100,267,1,2/23/2023 13:08,R_2cbF0WYzd1plzkK,,,,,anonymous,EN,0,0,21.033,0,3,,1,4,2,1,,1,,45,2,1,5,5,decoy
2/23/2023 13:02,2/23/2023 13:08,0,100,347,1,2/23/2023 13:08,R_Q0zeUTrC63VRUU9,,,,,anonymous,EN,10.128,10.128,27.401,1,3,,1,4,2,1,,2,,44,1,1,4,5,decoy
2/23/2023 13:05,2/23/2023 13:08,0,100,156,1,2/23/2023 13:08,R_1NFvOyOcjR24rT3,,,,,anonymous,EN,51.179,51.387,52.152,2,5,,1,2,2,1,,1,,27,2,3,2,5,decoy
2/23/2023 13:02,2/23/2023 13:08,0,100,348,1,2/23/2023 13:08,R_3ReJoKlLJwjks2N,,,,,anonymous,EN,0,0,34.159,0,3,1,,3,3,1,,2,,51,3,1,1,5,control
2/23/2023 13:02,2/23/2023 13:08,0,100,325,1,2/23/2023 13:08,R_1EcbNFk5Buy027n,,,,,anonymous,EN,4.412,6.564,8.846,3,7,1,,1,4,1,,1,,41,2,4,3,5,control
2/23/2023 13:04,2/23/2023 13:08,0,100,231,1,2/23/2023 13:08,R_1rCG5tl5aJvGWhc,,,,,anonymous,EN,0,0,8.949,0,3,1,,1,2,2,,1,,49,1,1,2,2,control
2/23/2023 13:02,2/23/2023 13:08,0,100,365,1,2/23/2023 13:08,R_3oLttzoCp9oxU4T,,,,,anonymous,EN,0,0,12.359,0,4,,1,4,2,1,,2,,39,2,1,5,5,decoy
2/23/2023 13:05,2/23/2023 13:08,0,100,174,1,2/23/2023 13:08,R_1PbjHx9ZBGUPIDt,,,,,anonymous,EN,0,0,2.826,0,7,2,,3,3,1,,1,,32,2,3,3,4,control
2/23/2023 13:03,2/23/2023 13:08,0,100,296,1,2/23/2023 13:08,R_28YCrgAvG62v4gS,,,,,anonymous,EN,0,0,3.159,0,6,,2,2,2,1,,1,,32,2,1,5,4,decoy
2/23/2023 13:03,2/23/2023 13:08,0,100,296,1,2/23/2023 13:08,R_1GJodeC8G0oafSH,,,,,anonymous,EN,0,0,10.207,0,4,1,,2,4,1,,1,,27,2,1,4,3,control
2/23/2023 13:03,2/23/2023 13:08,0,100,326,1,2/23/2023 13:08,R_2WUY7lZ1hzUUXmS,,,,,anonymous,EN,0,0,3.357,0,5,,2,2,2,1,,2,,31,2,1,2,5,decoy
2/23/2023 13:04,2/23/2023 13:08,0,100,277,1,2/23/2023 13:08,R_1OGZ5ZSmQ2ddcgJ,,,,,anonymous,EN,0,0,12.843,0,3,1,,4,4,6,,2,,38,1,1,5,4,control
2/23/2023 13:05,2/23/2023 13:08,0,100,203,1,2/23/2023 13:08,R_2YlbKUZY9zM6tZM,,,,,anonymous,EN,0,0,2.553,0,3,,1,3,3,1,,1,,21,1,1,1,2,decoy
2/23/2023 13:06,2/23/2023 13:08,0,100,151,1,2/23/2023 13:08,R_1rD0Vct3RSHYWUc,,,,,anonymous,EN,0,0,1.693,0,6,1,,2,2,1,,2,,49,2,1,3,5,control
2/23/2023 13:04,2/23/2023 13:09,0,100,288,1,2/23/2023 13:09,R_yjUFOTezbGVPEsx,,,,,anonymous,EN,0,0,1.679,0,6,2,,3,2,1,,1,,35,2,2,4,5,control
2/23/2023 13:03,2/23/2023 13:09,0,100,330,1,2/23/2023 13:09,R_2uU1sUeov9pLZej,,,,,anonymous,EN,0,0,38.873,0,3,,1,1,2,1,,1,,34,1,1,1,2,decoy
2/23/2023 13:05,2/23/2023 13:09,0,100,249,1,2/23/2023 13:09,R_2aKMdYSEC97cPGC,,,,,anonymous,EN,0,0,22.795,0,3,,1,4,4,1,,1,,59,1,1,2,5,decoy
2/23/2023 13:05,2/23/2023 13:09,0,100,233,1,2/23/2023 13:09,R_3PmLDhr0404qrQi,,,,,anonymous,EN,0,0,11.398,0,3,1,,1,2,1,,1,,28,1,1,5,4,control
2/23/2023 13:01,2/23/2023 13:09,0,100,482,1,2/23/2023 13:09,R_3RdYhq2JDHpNsW1,,,,,anonymous,EN,0,0,17.593,0,3,1,,4,4,1,,2,,76,1,1,2,4,control
2/23/2023 13:03,2/23/2023 13:09,0,100,368,1,2/23/2023 13:09,R_1pFr6QaJLZKWDUd,,,,,anonymous,EN,0,0,3.481,0,6,,1,2,2,1,,1,,28,2,2,2,4,decoy
2/23/2023 13:04,2/23/2023 13:09,0,100,339,1,2/23/2023 13:09,R_psg959w8NckEqul,,,,,anonymous,EN,0,0,25.382,0,3,,1,4,1,1,,3,,40,3,3,1,3,decoy
2/23/2023 13:04,2/23/2023 13:10,0,100,332,1,2/23/2023 13:10,R_3JxRdpZtpKIzom9,,,,,anonymous,EN,15.63,15.63,24.782,1,,1,,4,2,1,,1,,39,1,1,1,2,control
2/23/2023 13:07,2/23/2023 13:10,0,100,202,1,2/23/2023 13:10,R_2AX1I261tI5bBBv,,,,,anonymous,EN,0,0,1.61,0,7,,2,2,3,1,,2,,40,2,1,4,4,decoy
2/23/2023 13:06,2/23/2023 13:10,0,100,205,1,2/23/2023 13:10,R_3JqJEwLdxE6wCOl,,,,,anonymous,EN,0,0,5.266,0,6,,1,1,1,1,,1,,67,2,1,3,5,decoy
2/23/2023 13:07,2/23/2023 13:10,0,100,175,1,2/23/2023 13:10,R_3PMGSOvbPzfuWRW,,,,,anonymous,EN,0,0,1.439,0,6,1,,2,2,1,,2,,42,2,1,4,4,control
2/23/2023 13:07,2/23/2023 13:10,0,100,198,1,2/23/2023 13:10,R_2usPmQBaUn96veK,,,,,anonymous,EN,0,0,2.189,0,5,,2,2,2,1,,2,,32,2,1,4,4,decoy
2/23/2023 13:07,2/23/2023 13:10,0,100,207,1,2/23/2023 13:10,R_5o2PzzejKv30jIZ,,,,,anonymous,EN,0,0,3.13,0,6,1,,3,2,1,,2,,23,2,1,4,5,control
2/23/2023 13:03,2/23/2023 13:10,0,100,410,1,2/23/2023 13:10,R_2Yt5hpInzQenHWE,,,,,anonymous,EN,8.302,8.302,9.78,1,7,1,,2,2,2,,1,,55,2,2,1,5,control
2/23/2023 13:02,2/23/2023 13:10,0,100,463,1,2/23/2023 13:10,R_YSvI7U18vXzkrpn,,,,,anonymous,EN,13.838,13.838,24.031,1,6,1,,1,1,1,,2,,43,2,1,4,4,control
2/23/2023 13:02,2/23/2023 13:10,0,100,495,1,2/23/2023 13:10,R_a9reJVCSf90dqoh,,,,,anonymous,EN,0,0,49.219,0,4,,1,2,2,1,,1,,20,1,1,3,2,decoy
2/23/2023 13:03,2/23/2023 13:10,0,100,423,1,2/23/2023 13:10,R_2pLAmI2k6oY0KCw,,,,,anonymous,EN,0,0,13.637,0,7,,3,2,2,1,,1,,48,2,1,5,4,decoy
2/23/2023 13:05,2/23/2023 13:10,0,100,304,1,2/23/2023 13:10,R_3QYkgc4Eu8yZch4,,,,,anonymous,EN,0,0,11.696,0,3,1,,2,2,1,,2,,49,2,1,3,2,control
2/23/2023 13:02,2/23/2023 13:10,0,100,509,1,2/23/2023 13:10,R_2uDS6CMKzFbsbtu,,,,,anonymous,EN,0,0,28.09,0,4,,1,2,2,1,,1,,26,1,1,2,2,decoy
2/23/2023 13:03,2/23/2023 13:10,0,100,444,1,2/23/2023 13:10,R_RLgFbaL7075FIBP,,,,,anonymous,EN,2.777,3.458,31.442,2,6,1,,3,1,2,,2,,33,2,1,4,5,control
2/23/2023 13:04,2/23/2023 13:10,0,100,405,1,2/23/2023 13:10,R_7TXrZo9v9nSh4fn,,,,,anonymous,EN,0,0,36.393,0,3,,1,4,2,1,,2,,31,2,1,5,5,decoy
2/23/2023 13:03,2/23/2023 13:11,0,100,459,1,2/23/2023 13:11,R_1o27OzxtCQIHGqS,,,,,anonymous,EN,0,0,4.697,0,6,1,,3,3,1,,2,,65,2,1,4,5,control
2/23/2023 13:06,2/23/2023 13:11,0,100,291,1,2/23/2023 13:11,R_5jA6nce0APQ4zC1,,,,,anonymous,EN,5.675,18.971,19.843,8,6,,1,2,3,1,,1,,37,2,1,2,5,decoy
2/23/2023 13:01,2/23/2023 13:11,0,100,570,1,2/23/2023 13:11,R_Zsf3FTidoh2srPr,,,,,anonymous,EN,0,0,16.402,0,4,1,,2,2,1,,4,,34,5,4,6,4,control
2/23/2023 13:04,2/23/2023 13:11,0,100,432,1,2/23/2023 13:11,R_1IZ7gB62WwIJO0w,,,,,anonymous,EN,0,0,15.939,0,6,,3,2,2,1,,2,,33,2,3,4,5,decoy
2/23/2023 13:06,2/23/2023 13:11,0,100,342,1,2/23/2023 13:11,R_33yxv7TrXxiyiHw,,,,,anonymous,EN,44.974,44.974,45.909,1,7,,3,2,3,1,,1,,41,2,4,4,4,decoy
2/23/2023 13:09,2/23/2023 13:12,0,100,164,1,2/23/2023 13:12,R_12xaQkS6zb7xn6v,,,,,anonymous,EN,0,0,5.415,0,,2,,2,2,1,,1,,32,2,3,3,4,control
2/23/2023 13:05,2/23/2023 13:12,0,100,400,1,2/23/2023 13:12,R_21b7xoJSD7CdzKU,,,,,anonymous,EN,0,0,1.944,0,7,,2,1,2,1,,2,,43,2,3,3,5,decoy
2/23/2023 13:08,2/23/2023 13:12,0,100,241,1,2/23/2023 13:12,R_5vSp9cekCZZqx0t,,,,,anonymous,EN,0,0,3.973,0,6,1,,3,2,1,,1,,60,2,1,5,5,control
2/23/2023 13:08,2/23/2023 13:12,0,100,232,1,2/23/2023 13:12,R_2ZIm7w0I6HKEOSr,,,,,anonymous,EN,6.577,6.577,9.73,1,3,1,,4,3,2,,2,,24,5,1,2,4,control
2/23/2023 13:05,2/23/2023 13:12,0,100,400,1,2/23/2023 13:12,R_3flOxQUFmqmGuhE,,,,,anonymous,EN,0,0,2.135,0,6,1,,3,2,1,,2,,22,2,1,3,4,control
2/23/2023 13:06,2/23/2023 13:12,0,100,391,1,2/23/2023 13:12,R_2Qt8P80MJRMLDIG,,,,,anonymous,EN,0,0,20.703,0,4,,1,3,2,6,Mixed,1,,35,1,1,1,5,decoy
2/23/2023 13:08,2/23/2023 13:12,0,100,260,1,2/23/2023 13:12,R_3KSFaUEpzpxZfzc,,,,,anonymous,EN,6.437,10.607,11.755,3,7,,2,2,2,1,,1,,35,2,1,3,3,decoy
2/23/2023 13:09,2/23/2023 13:12,0,100,196,1,2/23/2023 13:12,R_21zV0SvNH85anr5,,,,,anonymous,EN,0.968,1.927,2.531,3,6,2,,2,2,1,,2,,28,2,2,2,5,control
2/23/2023 13:04,2/23/2023 13:12,0,100,510,1,2/23/2023 13:12,R_3GwUCa8soIqhvPM,,,,,anonymous,EN,18.939,48.258,55.849,2,6,,3,2,2,1,,2,,40,1,1,1,2,decoy
2/23/2023 13:08,2/23/2023 13:12,0,100,270,1,2/23/2023 13:12,R_3O8hgsXrKUXCnpw,,,,,anonymous,EN,8.63,10.181,11.749,2,4,1,,2,2,1,,1,,28,2,1,4,4,control
2/23/2023 13:05,2/23/2023 13:13,0,100,472,1,2/23/2023 13:13,R_1FhSq0NjbIH7zfw,,,,,anonymous,EN,0,0,53.639,0,6,,3,3,1,1,,1,,36,1,1,5,3,decoy
2/23/2023 13:04,2/23/2023 13:13,0,100,509,1,2/23/2023 13:13,R_2E0DKfeybKOmjCy,,,,,anonymous,EN,0,0,32.2,0,6,,3,1,3,1,,2,,39,2,1,4,5,decoy
2/23/2023 13:06,2/23/2023 13:13,0,100,423,1,2/23/2023 13:13,R_1mr436ojzTLx9NP,,,,,anonymous,EN,5.699,6.601,7.067,3,6,1,,4,2,1,,2,,25,2,1,2,5,control
2/23/2023 13:07,2/23/2023 13:13,0,100,365,1,2/23/2023 13:13,R_1eQ0Hp1XIybeqtb,,,,,anonymous,EN,0,0,19.277,0,3,,1,4,4,1,,2,,36,2,1,1,4,decoy
2/23/2023 13:07,2/23/2023 13:13,0,100,386,1,2/23/2023 13:13,R_3nUfuonR7wFTgw2,,,,,anonymous,EN,2.253,2.253,32.567,1,3,1,,4,2,1,,1,,35,1,1,2,4,control
2/23/2023 13:05,2/23/2023 13:13,0,100,495,1,2/23/2023 13:13,R_2VF0RXzCESkMJWN,,,,,anonymous,EN,0,0,2.802,0,6,,2,3,1,2,,2,,28,2,1,3,5,decoy
2/23/2023 13:05,2/23/2023 13:14,0,100,501,1,2/23/2023 13:14,R_3CJE3qXskhF94oH,,,,,anonymous,EN,0,0,26.86,0,4,1,,2,2,1,,1,,41,1,1,2,4,control
2/23/2023 13:04,2/23/2023 13:14,0,100,590,1,2/23/2023 13:14,R_32Lpzs79Gii8Gx6,,,,,anonymous,EN,0,0,36.421,0,4,1,,4,2,1,,2,,25,2,1,5,4,control
2/23/2023 13:05,2/23/2023 13:14,0,100,557,1,2/23/2023 13:14,R_Q6OWqIBYWyUsKg9,,,,,anonymous,EN,0,0,17.335,0,3,,1,3,2,1,,1,,49,2,1,3,4,decoy
2/23/2023 13:03,2/23/2023 13:14,0,100,688,1,2/23/2023 13:14,R_1GUoo1BAym9EkL6,,,,,anonymous,EN,0,0,6.396,0,6,,1,2,1,1,,2,,32,2,1,4,4,decoy
2/23/2023 13:10,2/23/2023 13:14,0,100,271,1,2/23/2023 13:14,R_2QrozBvqTsHPZpj,,,,,anonymous,EN,0,0,16.944,0,3,,1,4,4,4,,1,,43,2,1,3,3,decoy
2/23/2023 13:07,2/23/2023 13:14,0,100,425,1,2/23/2023 13:14,R_22Rk9FKlBeNeXEF,,,,,anonymous,EN,0,0,27.182,0,6,,3,2,2,1,,2,,52,2,3,5,4,decoy
2/23/2023 13:09,2/23/2023 13:15,0,100,351,1,2/23/2023 13:15,R_Qc6D3t6spH1sIw1,,,,,anonymous,EN,0,0,6.127,0,6,,2,2,2,1,,1,,41,2,1,4,4,decoy
2/23/2023 13:03,2/23/2023 13:15,0,100,676,1,2/23/2023 13:15,R_zTG2dDiTwJgMe7T,,,,,anonymous,EN,39.792,40.136,40.767,2,6,,1,2,3,1,,1,,56,2,3,2,5,decoy
2/23/2023 13:12,2/23/2023 13:15,0,100,139,1,2/23/2023 13:15,R_5zKKMAI1SDAPvdn,,,,,anonymous,EN,12.213,12.213,13.492,1,5,2,,3,1,1,,1,,28,2,3,2,4,control
2/23/2023 13:13,2/23/2023 13:15,0,100,125,1,2/23/2023 13:15,R_4Ys7Lxn5eq9io5H,,,,,anonymous,EN,0,0,5.601,0,6,,1,3,3,1,,2,,35,2,3,3,4,decoy
2/23/2023 13:11,2/23/2023 13:15,0,100,239,1,2/23/2023 13:15,R_0dN0gSba1aI65od,,,,,anonymous,EN,0,0,9.169,0,4,1,,4,2,1,,1,,34,1,1,4,5,control
2/23/2023 13:04,2/23/2023 13:15,0,100,620,1,2/23/2023 13:15,R_Of1hcb0QhYy1uG5,,,,,anonymous,EN,1.364,1.364,2.646,1,6,1,,1,1,1,,1,,56,2,4,5,5,control
2/23/2023 13:10,2/23/2023 13:15,0,100,308,1,2/23/2023 13:15,R_Buhmg1Kn8zNLMkN,,,,,anonymous,EN,11.414,11.414,18.436,1,3,1,,4,4,1,,4,,45,5,4,6,4,control
2/23/2023 13:04,2/23/2023 13:15,0,100,673,1,2/23/2023 13:15,R_9mqboBH9wg5zFh7,,,,,anonymous,EN,0,0,60.001,0,4,1,,4,4,1,,2,,68,2,2,2,4,control
2/23/2023 13:09,2/23/2023 13:15,0,100,401,1,2/23/2023 13:15,R_3JmXMW6FjZcQ4z2,,,,,anonymous,EN,0,0,25.373,0,3,1,,1,1,1,,1,,39,3,1,2,2,control
2/23/2023 13:07,2/23/2023 13:15,0,100,476,1,2/23/2023 13:15,R_21tbiXP3cWhQFTO,,,,,anonymous,EN,0,0,2.464,0,6,,1,3,1,1,,2,,56,2,3,1,5,decoy
2/23/2023 13:07,2/23/2023 13:16,0,100,512,1,2/23/2023 13:16,R_3EIU5pWV4gQDeYV,,,,,anonymous,EN,0,0,21.887,0,6,,3,4,3,4,,1,,27,1,1,3,4,decoy
2/23/2023 13:06,2/23/2023 13:16,0,100,569,1,2/23/2023 13:16,R_3Jltq3HDGAYRt3Y,,,,,anonymous,EN,0,0,14.256,0,3,1,,3,2,1,,2,,36,2,1,5,4,control
2/23/2023 13:11,2/23/2023 13:16,0,100,259,1,2/23/2023 13:16,R_2WwEIpomnVgORLD,,,,,anonymous,EN,0,0,9.393,0,5,,1,1,1,1,,1,,23,1,1,6,4,decoy
2/23/2023 13:05,2/23/2023 13:16,0,100,626,1,2/23/2023 13:16,R_2v7ziQNOSn3d0r7,,,,,anonymous,EN,10.525,47.91,49.602,2,5,,1,4,1,2,,1,,22,1,1,5,4,decoy
2/23/2023 13:13,2/23/2023 13:16,0,100,186,1,2/23/2023 13:16,R_1N5ntu5SzzYmXKu,,,,,anonymous,EN,0,0,5.734,0,3,1,,2,2,1,,2,,35,1,1,2,5,control
2/23/2023 13:11,2/23/2023 13:16,0,100,316,1,2/23/2023 13:16,R_3GE29vFCcBGulQL,,,,,anonymous,EN,0,0,40.7,0,4,1,,4,2,1,,1,,27,1,1,5,5,control
2/23/2023 13:04,2/23/2023 13:16,0,100,752,1,2/23/2023 13:16,R_1j87IeiUz9EsUgq,,,,,anonymous,EN,0,0,36.689,0,3,1,,4,4,1,,2,,43,1,1,6,1,control
2/23/2023 13:06,2/23/2023 13:17,0,100,657,1,2/23/2023 13:17,R_2U5bxqP16UYhszW,,,,,anonymous,EN,0,0,30.293,0,7,2,,4,2,1,,1,,51,1,1,2,3,control
2/23/2023 13:06,2/23/2023 13:17,0,100,656,1,2/23/2023 13:17,R_WdjKxYtNfUhxvQB,,,,,anonymous,EN,0,0,125.257,0,3,1,,2,2,1,,2,,42,2,1,2,2,control
2/23/2023 13:09,2/23/2023 13:17,0,100,497,1,2/23/2023 13:17,R_31LyvAgV600tLsY,,,,,anonymous,EN,11.164,11.164,17.137,1,4,1,,3,3,1,,1,,55,1,1,1,2,control
2/23/2023 13:13,2/23/2023 13:17,0,100,258,1,2/23/2023 13:17,R_3m4fYUifvn7b5YU,,,,,anonymous,EN,2.273,2.781,3.882,2,6,,1,4,4,1,,1,,33,2,1,4,5,decoy
2/23/2023 13:14,2/23/2023 13:18,0,100,205,1,2/23/2023 13:18,R_2tofU7xWCnizUhG,,,,,anonymous,EN,8.301,8.301,8.996,1,6,,3,1,1,4,,1,,31,2,1,5,5,decoy
2/23/2023 13:11,2/23/2023 13:18,0,100,429,1,2/23/2023 13:18,R_3EuLqHzoAq10wRl,,,,,anonymous,EN,31.144,31.144,44.559,1,3,,1,4,4,1,,1,,26,1,1,2,4,decoy
2/23/2023 13:03,2/23/2023 13:19,0,100,926,1,2/23/2023 13:19,R_abFO9qrgKt8JdXb,,,,,anonymous,EN,20.974,134.236,135.546,3,6,,3,4,4,1,,1,,62,1,1,2,5,decoy
2/23/2023 13:14,2/23/2023 13:19,0,100,298,1,2/23/2023 13:19,R_r0Ddtcf97aqHEn7,,,,,anonymous,EN,0,0,2.624,0,6,,1,3,3,2,,2,,37,2,1,4,5,decoy
2/23/2023 13:08,2/23/2023 13:19,0,100,640,1,2/23/2023 13:19,R_bmDPKxKxrrt3MxH,,,,,anonymous,EN,0,0,2.539,0,6,1,,3,2,1,,2,,33,2,2,4,4,control
2/23/2023 13:07,2/23/2023 13:19,0,100,710,1,2/23/2023 13:19,R_3MPEu4qjgghnlOc,,,,,anonymous,EN,0,0,77.888,0,3,,2,1,1,2,,2,,25,1,1,2,4,decoy
2/23/2023 13:15,2/23/2023 13:19,0,100,263,1,2/23/2023 13:19,R_2S1y3hr1XumZ4DZ,,,,,anonymous,EN,0,0,10.031,0,3,,1,4,4,1,,1,,50,1,1,5,3,decoy
2/23/2023 13:08,2/23/2023 13:19,0,100,674,1,2/23/2023 13:19,R_24kkbj6YjWMz71m,,,,,anonymous,EN,0,0,10.938,0,6,2,,1,1,1,,2,,42,2,1,5,5,control
2/23/2023 13:16,2/23/2023 13:20,0,100,261,1,2/23/2023 13:20,R_1OrhCNMIhOWCtac,,,,,anonymous,EN,7.977,8.797,14.683,2,4,1,,2,2,1,,2,,38,2,1,2,3,control
2/23/2023 13:15,2/23/2023 13:20,0,100,327,1,2/23/2023 13:21,R_PFNr5wHpjSWKbjb,,,,,anonymous,EN,0,0,27.302,0,4,1,,3,3,1,,2,,37,2,1,5,4,control
2/23/2023 13:17,2/23/2023 13:21,0,100,220,1,2/23/2023 13:21,R_vVL831dwBsAJAm5,,,,,anonymous,EN,0,0,12.463,0,3,,1,4,1,1,,2,,52,3,1,4,4,decoy
2/23/2023 13:16,2/23/2023 13:21,0,100,260,1,2/23/2023 13:21,R_RgF3ns3EPbBpaCZ,,,,,anonymous,EN,0,0,9.332,0,5,1,,3,2,1,,2,,30,2,1,3,4,control
2/23/2023 13:16,2/23/2023 13:21,0,100,311,1,2/23/2023 13:21,R_dnC9nwUivYcFTZD,,,,,anonymous,EN,0,0,8.109,0,4,1,,3,2,1,,2,,24,1,1,5,5,control
2/23/2023 13:17,2/23/2023 13:21,0,100,233,1,2/23/2023 13:21,R_2OMAM9QKscWIFAU,,,,,anonymous,EN,0,0,9.892,0,4,,1,4,4,1,,1,,70,2,1,4,5,decoy
2/23/2023 13:11,2/23/2023 13:21,0,100,601,1,2/23/2023 13:21,R_1M4gBk9lCCLt6HU,,,,,anonymous,EN,0,0,48.296,0,6,,2,1,3,2,,2,,24,2,1,2,5,decoy
2/23/2023 13:15,2/23/2023 13:21,0,100,338,1,2/23/2023 13:21,R_3fUIJFoiBx5ZJuL,,,,,anonymous,EN,0.73,1.672,1.91,3,3,,1,2,2,4,,1,,27,1,2,5,5,decoy
2/23/2023 13:17,2/23/2023 13:21,0,100,242,1,2/23/2023 13:21,R_2tbAI7RITDPHoYU,,,,,anonymous,EN,1.384,1.384,2.048,1,6,,1,4,2,2,,1,,36,2,1,4,5,decoy
2/23/2023 13:15,2/23/2023 13:21,0,100,355,1,2/23/2023 13:21,R_2S62qKarHvBRRdF,,,,,anonymous,EN,0,0,25.602,0,3,1,,4,4,2,,2,,31,1,1,1,4,control
2/23/2023 13:16,2/23/2023 13:21,0,100,329,1,2/23/2023 13:21,R_2Qg15hq5M1PUYwm,,,,,anonymous,EN,0,0,180.071,0,6,,3,1,1,1,,2,,42,2,1,5,5,decoy
2/23/2023 13:19,2/23/2023 13:22,0,100,194,1,2/23/2023 13:22,R_eznZK0WnRQiyJuV,,,,,anonymous,EN,5.999,5.999,7.32,1,5,1,,1,1,2,,1,,42,2,1,5,4,control
2/23/2023 13:14,2/23/2023 13:22,0,100,477,1,2/23/2023 13:22,R_2tEzhmum4BHw0tB,,,,,anonymous,EN,0,0,317.592,0,6,,1,2,2,1,,1,,33,2,1,5,4,decoy
2/23/2023 13:16,2/23/2023 13:22,0,100,346,1,2/23/2023 13:22,R_1gAYO0NjaDi19Km,,,,,anonymous,EN,0,0,37.3,0,3,,1,1,2,1,,1,,41,2,1,4,2,decoy
2/23/2023 13:19,2/23/2023 13:22,0,100,224,1,2/23/2023 13:22,R_1Fl6rbrFoZ6aLwl,,,,,anonymous,EN,0,0,1.87,0,6,,2,3,2,2,,2,,32,2,1,3,5,decoy
2/23/2023 13:08,2/23/2023 13:22,0,100,866,1,2/23/2023 13:22,R_WlFYmyEbry51MD7,,,,,anonymous,EN,0,0,6.345,0,6,1,,2,1,1,,2,,28,2,1,4,5,control
2/23/2023 13:16,2/23/2023 13:22,0,100,395,1,2/23/2023 13:22,R_3fIeIltAVj3ApG6,,,,,anonymous,EN,7.525,15.717,23.05,2,4,,1,2,2,1,,2,,61,3,1,1,2,decoy
2/23/2023 13:13,2/23/2023 13:22,0,100,552,1,2/23/2023 13:23,R_2X5QSVpmY6FFsHA,,,,,anonymous,EN,0,0,9.379,0,6,2,,1,3,2,,1,,35,2,1,2,5,control
2/23/2023 13:19,2/23/2023 13:23,0,100,213,1,2/23/2023 13:23,R_1rrbB1pqOeWn5Dm,,,,,anonymous,EN,5.747,5.747,22.568,1,6,1,,4,4,1,,1,,36,2,2,4,5,control
2/23/2023 13:18,2/23/2023 13:23,0,100,291,1,2/23/2023 13:23,R_yQ6VWpxhWcPyL4J,,,,,anonymous,EN,2.307,2.6,4.239,2,6,1,,3,2,1,,2,,56,2,4,2,5,control
2/23/2023 13:07,2/23/2023 13:23,0,100,957,1,2/23/2023 13:23,R_1JKKMbeo9WVX3VK,,,,,anonymous,EN,0.389,3.909,31.964,2,5,1,,3,2,2,,1,,25,1,1,5,4,control
2/23/2023 13:05,2/23/2023 13:24,0,100,1139,1,2/23/2023 13:24,R_1kFSk2YvYDjPQEg,,,,,anonymous,EN,6.726,17.626,19.671,3,5,,1,2,2,1,,1,,39,2,1,5,5,decoy
2/23/2023 13:03,2/23/2023 13:24,0,100,1263,1,2/23/2023 13:24,R_1P1VmQkWfEDYKRb,,,,,anonymous,EN,0,0,11.632,0,6,1,,2,3,1,,2,,40,2,1,4,4,control
2/23/2023 13:22,2/23/2023 13:25,0,100,159,1,2/23/2023 13:25,R_3dDF3PkzHfJfAyz,,,,,anonymous,EN,0,0,1.71,0,6,,1,4,1,2,,1,,56,2,1,4,5,decoy
2/23/2023 13:05,2/23/2023 13:25,0,100,1181,1,2/23/2023 13:25,R_D2G6KsAHvZmZR6x,,,,,anonymous,EN,0,0,35.778,0,3,1,,1,2,1,,1,,53,1,1,2,5,control
2/23/2023 13:21,2/23/2023 13:26,0,100,280,1,2/23/2023 13:26,R_3CZNDsVtjnAbuNG,,,,,anonymous,EN,0,0,9.995,0,3,1,,4,4,1,,1,,46,2,1,5,4,control
2/23/2023 13:15,2/23/2023 13:27,0,100,718,1,2/23/2023 13:27,R_1H82oZSzioguabM,,,,,anonymous,EN,0,0,16.7,0,4,,1,4,1,1,,1,,31,1,1,5,4,decoy
2/23/2023 13:21,2/23/2023 13:27,0,100,380,1,2/23/2023 13:27,R_Xq3Bftj8GoKgEJr,,,,,anonymous,EN,10.549,10.549,19.413,1,4,,1,4,4,1,,2,,35,2,1,5,5,decoy
2/23/2023 13:22,2/23/2023 13:27,0,100,292,1,2/23/2023 13:27,R_3JzxdLpLbXO5wjo,,,,,anonymous,EN,0,0,7.021,0,3,1,,4,4,1,,1,,33,1,1,1,2,control
2/23/2023 13:25,2/23/2023 13:27,0,100,148,1,2/23/2023 13:27,R_3OceHLPJz4YQ0sM,,,,,anonymous,EN,0,0,7.07,0,6,,1,4,4,1,,2,,46,3,1,1,4,decoy
2/23/2023 13:23,2/23/2023 13:28,0,100,270,1,2/23/2023 13:28,R_Pzif40YLyCPQQN3,,,,,anonymous,EN,0,0,12.021,0,3,,1,4,4,1,,2,,64,3,1,1,2,decoy
2/23/2023 13:21,2/23/2023 13:28,0,100,428,1,2/23/2023 13:28,R_2DS4qkgebsftDJL,,,,,anonymous,EN,2.936,6.288,8.185,6,6,2,,3,3,1,,2,,80,2,1,4,5,control
2/23/2023 13:25,2/23/2023 13:28,0,100,158,1,2/23/2023 13:28,R_ZJAU392Nwi7MqwF,,,,,anonymous,EN,0,0,18.538,0,6,1,,4,4,1,,1,,49,2,2,5,5,control
2/23/2023 13:26,2/23/2023 13:28,0,100,127,1,2/23/2023 13:28,R_3oGZDRmknj7ptTj,,,,,anonymous,EN,0,0,1.861,0,4,1,,1,2,1,,1,,27,1,1,3,3,control
2/23/2023 13:27,2/23/2023 13:28,0,100,87,1,2/23/2023 13:28,R_1NeST2hbX4uZqTb,,,,,anonymous,EN,1.558,1.558,2.278,1,5,1,,3,2,1,,2,,48,3,1,1,3,control
2/23/2023 13:25,2/23/2023 13:28,0,100,172,1,2/23/2023 13:28,R_yJ7xLXMoH99S5c5,,,,,anonymous,EN,3.209,3.209,5.908,1,3,,1,3,3,1,,1,,35,1,1,1,4,decoy
2/23/2023 13:25,2/23/2023 13:28,0,100,208,1,2/23/2023 13:28,R_bP1ntk1oVK3V7ah,,,,,anonymous,EN,0,0,7.593,0,5,,1,2,2,1,,1,,39,2,1,5,4,decoy
2/23/2023 13:23,2/23/2023 13:29,0,100,337,1,2/23/2023 13:29,R_1n7LEP9TB7x6W2M,,,,,anonymous,EN,98.276,98.276,100.525,1,6,2,,2,2,1,,1,,31,1,1,3,4,control
2/23/2023 13:10,2/23/2023 13:29,0,100,1121,1,2/23/2023 13:29,R_26lGbJ7yjzbCe8z,,,,,anonymous,EN,34.335,34.335,50.237,1,5,1,,4,2,2,,1,,41,2,1,4,4,control
2/23/2023 13:21,2/23/2023 13:29,0,100,502,1,2/23/2023 13:29,R_RWaK7Ib2Onnigfv,,,,,anonymous,EN,0,0,41.977,0,4,1,,4,1,4,,2,,49,2,1,2,4,control
2/23/2023 13:27,2/23/2023 13:29,0,100,143,1,2/23/2023 13:29,R_111TEkvg6rLihmQ,,,,,anonymous,EN,0,0,1.87,0,6,,2,3,2,1,,,,34,2,4,2,5,decoy
2/23/2023 13:27,2/23/2023 13:29,0,100,150,1,2/23/2023 13:29,R_2afyaojaM5c8H0H,,,,,anonymous,EN,0,0,4.699,0,3,1,,4,4,6,Mixed Race,1,,22,1,1,2,2,control
2/23/2023 13:26,2/23/2023 13:29,0,100,203,1,2/23/2023 13:29,R_3fMNklH4mcdeJGR,,,,,anonymous,EN,0,0,1.312,0,6,,3,2,2,1,,2,,23,2,1,4,5,decoy
2/23/2023 13:23,2/23/2023 13:30,0,100,405,1,2/23/2023 13:30,R_2VJgNaEHQ2xeq7V,,,,,anonymous,EN,0,0,82.076,0,7,,1,1,1,6,latino,1,,20,1,1,2,3,decoy
2/23/2023 13:25,2/23/2023 13:30,0,100,292,1,2/23/2023 13:30,R_2Bmak0parwJAt59,,,,,anonymous,EN,19.283,19.283,20.328,1,4,1,,3,1,1,,2,,35,2,1,4,2,control
2/23/2023 13:26,2/23/2023 13:30,0,100,275,1,2/23/2023 13:30,R_ByuaXv1JBXqc77j,,,,,anonymous,EN,23.711,23.711,24.604,1,6,2,,2,2,1,,2,,27,2,1,2,2,control
2/23/2023 13:29,2/23/2023 13:31,0,100,135,1,2/23/2023 13:31,R_OjtUJLhqoL5SOB3,,,,,anonymous,EN,0,0,2.061,0,6,,3,1,1,1,,1,,33,2,1,5,4,decoy
2/23/2023 13:25,2/23/2023 13:31,0,100,377,1,2/23/2023 13:31,R_1OoGzldlkqzqGfM,,,,,anonymous,EN,8.95,8.95,26.561,1,7,2,,2,2,2,,2,,34,2,1,2,3,control
2/23/2023 13:28,2/23/2023 13:32,0,100,231,1,2/23/2023 13:32,R_ywhDzQtrwoyC2kN,,,,,anonymous,EN,0,0,10.376,0,4,1,,3,2,1,,2,,59,2,1,3,2,control
2/23/2023 13:24,2/23/2023 13:32,0,100,457,1,2/23/2023 13:32,R_3GvUU9BSB4AQqC6,,,,,anonymous,EN,0,0,39.056,0,3,,1,4,4,1,,2,,48,3,1,2,4,decoy
2/23/2023 13:28,2/23/2023 13:32,0,100,241,1,2/23/2023 13:32,R_9pk7EwOeCa589NL,,,,,anonymous,EN,0,0,3.275,0,3,,1,4,2,4,,1,,34,2,1,5,4,decoy
2/23/2023 13:23,2/23/2023 13:33,0,100,555,1,2/23/2023 13:33,R_3QPDdYnduEMZpgh,,,,,anonymous,EN,0,0,65.872,0,3,1,,1,2,1,,2,,41,2,1,2,4,control
2/23/2023 13:29,2/23/2023 13:33,0,100,232,1,2/23/2023 13:33,R_3G0NrDipy8g4ZgA,,,,,anonymous,EN,6.589,8.266,12.443,2,4,1,,1,1,1,,2,,33,2,1,5,4,control
2/23/2023 13:28,2/23/2023 13:33,0,100,326,1,2/23/2023 13:33,R_2qrXQ2nr0fvWEn7,,,,,anonymous,EN,0,0,15.079,0,3,1,,3,1,1,,2,,57,5,2,2,4,control
2/23/2023 13:22,2/23/2023 13:33,0,100,649,1,2/23/2023 13:33,R_2TN5NaB7XjcfKHP,,,,,anonymous,EN,1.578,10.858,13.433,6,6,,3,1,1,1,,1,,27,1,1,4,4,decoy
2/23/2023 13:26,2/23/2023 13:33,0,100,444,1,2/23/2023 13:33,R_0MmcXnCIjtNLiXT,,,,,anonymous,EN,14.419,34.107,38.65,5,4,,1,3,3,4,,1,,51,2,1,5,5,decoy
2/23/2023 13:28,2/23/2023 13:34,0,100,325,1,2/23/2023 13:34,R_sAQdIlqQUYOWiid,,,,,anonymous,EN,0,0,57.731,0,5,1,,4,4,1,,1,,29,1,1,2,2,control
2/23/2023 13:30,2/23/2023 13:34,0,100,257,1,2/23/2023 13:34,R_3JwS8NEHzDCkqk5,,,,,anonymous,EN,3.325,3.325,4.744,1,4,1,,3,3,2,,1,,26,1,1,5,4,control
2/23/2023 13:31,2/23/2023 13:35,0,100,238,1,2/23/2023 13:35,R_1kYwUNou7i5lKEn,,,,,anonymous,EN,0,0,10.203,0,3,,1,4,4,1,,1,,20,1,1,5,2,decoy
2/23/2023 13:26,2/23/2023 13:36,0,100,552,1,2/23/2023 13:36,R_eA4IvKVB9m28ZQl,,,,,anonymous,EN,0,0,38.923,0,4,1,,4,4,1,,1,,23,1,1,3,4,control
2/23/2023 13:33,2/23/2023 13:36,0,100,147,1,2/23/2023 13:36,R_1FPp5FuSx16EDnE,,,,,anonymous,EN,0,0,9.701,0,5,,2,1,1,1,,2,,20,1,2,4,2,decoy
2/23/2023 13:29,2/23/2023 13:36,0,100,387,1,2/23/2023 13:36,R_1GBLLcbIuKA6nwK,,,,,anonymous,EN,0,0,40.01,0,4,,1,4,2,4,,1,,51,2,1,5,3,decoy
2/23/2023 13:33,2/23/2023 13:36,0,100,184,1,2/23/2023 13:36,R_8wuZH3cszSPe7aV,,,,,anonymous,EN,6.554,14.035,15.773,5,7,2,,2,1,2,,1,,31,1,1,1,3,control
2/23/2023 13:34,2/23/2023 13:37,0,100,176,1,2/23/2023 13:37,R_3Jtqw38kFBkauo9,,,,,anonymous,EN,0,0,5.009,0,7,,2,3,3,1,,2,,34,2,4,2,5,decoy
2/23/2023 13:32,2/23/2023 13:37,0,100,285,1,2/23/2023 13:37,R_1M5IkkIVO3T84Yu,,,,,anonymous,EN,0,0,10.201,0,3,,1,4,4,1,,1,,67,2,1,2,5,decoy
2/23/2023 13:19,2/23/2023 13:37,0,100,1047,1,2/23/2023 13:37,R_UA6uyS4W2uYbInn,,,,,anonymous,EN,0,0,2.721,0,6,,3,3,3,1,,2,,43,2,2,3,5,decoy
2/23/2023 13:32,2/23/2023 13:37,0,100,272,1,2/23/2023 13:37,R_2uCobIlNZ3uHXIa,,,,,anonymous,EN,8.33,8.33,12.777,1,4,1,,2,4,1,,2,,40,3,1,2,3,control
2/23/2023 13:29,2/23/2023 13:38,0,100,566,1,2/23/2023 13:38,R_OroOpRTB38gwOD7,,,,,anonymous,EN,16.167,16.167,17.262,1,,,3,4,4,2,,2,,38,1,1,3,3,decoy
2/23/2023 13:35,2/23/2023 13:38,0,100,158,1,2/23/2023 13:38,R_1IpdRTPhor9vgvZ,,,,,anonymous,EN,5.399,5.399,6.138,1,6,1,,2,2,2,,1,,33,2,1,5,5,control
2/23/2023 13:34,2/23/2023 13:38,0,100,270,1,2/23/2023 13:38,R_3FeKdNudBQQEILL,,,,,anonymous,EN,4.063,10.38,12.484,5,4,1,,1,1,1,,1,,25,1,1,4,4,control
2/23/2023 13:34,2/23/2023 13:38,0,100,246,1,2/23/2023 13:38,R_2wLbCA4CGAQajM5,,,,,anonymous,EN,0,0,11.514,0,4,1,,4,3,1,,1,,33,1,1,1,2,control
2/23/2023 13:30,2/23/2023 13:38,0,100,511,1,2/23/2023 13:38,R_26nlFIz5hL35qfE,,,,,anonymous,EN,0,0,23.616,0,6,,1,2,2,1,,2,,27,2,1,3,4,decoy
2/23/2023 13:31,2/23/2023 13:38,0,100,430,1,2/23/2023 13:38,R_2tu0ssKYuNw5EeN,,,,,anonymous,EN,48.753,65.628,67.011,7,6,,2,2,2,1,,2,,30,2,1,5,3,decoy
2/23/2023 13:34,2/23/2023 13:39,0,100,294,1,2/23/2023 13:39,R_SMCWIcYBA7hl5Xr,,,,,anonymous,EN,0,0,32.844,0,3,1,,4,4,1,,1,,57,3,1,1,4,control
2/23/2023 13:36,2/23/2023 13:39,0,100,174,1,2/23/2023 13:39,R_3k1Vx0sDW5ddoxC,,,,,anonymous,EN,0,0,2.993,0,5,1,,3,1,1,,1,,36,2,1,5,5,control
2/23/2023 13:38,2/23/2023 13:39,0,100,80,1,2/23/2023 13:39,R_3fxiTOWDUKmoXbA,,,,,anonymous,EN,0,0,1.848,0,5,1,,2,3,4,,1,,30,2,3,3,3,control
2/23/2023 13:33,2/23/2023 13:39,0,100,339,1,2/23/2023 13:39,R_2xK2W7j6szQ9zud,,,,,anonymous,EN,0,0,24.29,0,3,1,,1,1,1,,2,,39,2,1,5,4,control
2/23/2023 13:30,2/23/2023 13:39,0,100,559,1,2/23/2023 13:39,R_3iQdMosIgleVJeM,,,,,anonymous,EN,0,0,52.84,0,7,,3,4,4,1,,1,,68,1,1,2,4,decoy
2/23/2023 13:36,2/23/2023 13:39,0,100,174,1,2/23/2023 13:39,R_2th78XulVEkib9U,,,,,anonymous,EN,0,0,3.059,0,5,,1,3,3,1,,2,,28,2,1,5,2,decoy
2/23/2023 13:36,2/23/2023 13:40,0,100,266,1,2/23/2023 13:40,R_3e98Nv3A6CI934o,,,,,anonymous,EN,0,0,2.163,0,6,1,,1,2,1,,2,,63,2,2,4,5,control
2/23/2023 13:34,2/23/2023 13:42,0,100,430,1,2/23/2023 13:42,R_vGjLs1Qm12N7Fx7,,,,,anonymous,EN,0,0,23.855,0,3,1,,4,4,1,,2,,42,2,1,5,3,control
2/23/2023 13:36,2/23/2023 13:42,0,100,406,1,2/23/2023 13:42,R_cSeQv2vVZVcJLwd,,,,,anonymous,EN,0,0,28.82,0,7,,3,1,2,2,,2,,30,1,1,3,4,decoy
2/23/2023 13:37,2/23/2023 13:42,0,100,310,1,2/23/2023 13:42,R_3MbPsdykW3guSBc,,,,,anonymous,EN,0,0,2.825,0,6,,2,3,2,1,,1,,25,1,1,2,4,decoy
2/23/2023 13:33,2/23/2023 13:43,0,100,607,1,2/23/2023 13:43,R_1KsgfbomBSjkcf7,,,,,anonymous,EN,6.986,6.986,20.223,1,6,,3,2,2,1,,2,,33,3,1,2,4,decoy
2/23/2023 13:39,2/23/2023 13:43,0,100,257,1,2/23/2023 13:43,R_bIaOtMnk1WUwnzH,,,,,anonymous,EN,0,0,16.736,0,3,1,,4,4,4,,2,,25,1,1,1,5,control
2/23/2023 13:41,2/23/2023 13:44,0,100,175,1,2/23/2023 13:44,R_234E5s88td7SZZG,,,,,anonymous,EN,0,0,1.567,0,6,1,,2,1,1,,2,,34,2,1,5,5,control
2/23/2023 13:33,2/23/2023 13:44,0,100,636,1,2/23/2023 13:44,R_1ewRxrNEzKEkKEk,,,,,anonymous,EN,0,0,105.843,0,4,1,,4,4,4,,1,,36,1,1,5,4,control
2/23/2023 13:38,2/23/2023 13:45,0,100,411,1,2/23/2023 13:45,R_1int5Q0NYRZOAVN,,,,,anonymous,EN,9.994,22.665,23.336,2,3,,1,3,3,1,,1,,51,1,1,1,3,decoy
2/23/2023 13:42,2/23/2023 13:45,0,100,188,1,2/23/2023 13:45,R_3jUIY1pQrjqHXRZ,,,,,anonymous,EN,3.93,3.93,7.804,1,3,,1,2,2,1,,1,,30,1,1,3,4,decoy
2/23/2023 13:41,2/23/2023 13:45,0,100,235,1,2/23/2023 13:45,R_b1rX82oXH76eF2h,,,,,anonymous,EN,0,0,12.83,0,,1,,4,4,4,,1,,22,1,1,2,3,control
2/23/2023 13:44,2/23/2023 13:46,0,100,130,1,2/23/2023 13:46,R_1Eat1NYkfWT5k0Y,,,,,anonymous,EN,0,0,2.136,0,5,,1,1,1,1,,1,,21,1,1,5,2,decoy
2/23/2023 13:44,2/23/2023 13:47,0,100,158,1,2/23/2023 13:47,R_302knf0vbzvBkIU,,,,,anonymous,EN,0,0,11.658,0,6,,2,2,3,1,,2,,26,1,1,3,4,decoy
2/23/2023 13:40,2/23/2023 13:48,0,100,479,1,2/23/2023 13:48,R_339faKkc9zbWcip,,,,,anonymous,EN,0,0,21.194,0,3,,1,3,2,1,,2,,32,1,1,3,4,decoy
2/23/2023 13:45,2/23/2023 13:48,0,100,199,1,2/23/2023 13:48,R_2VDcCEqISuiUE7A,,,,,anonymous,EN,0,0,10.489,0,3,1,,4,4,1,,1,,34,1,2,2,4,control
2/23/2023 13:44,2/23/2023 13:49,0,100,350,1,2/23/2023 13:49,R_ZeMK3iprlfy0ych,,,,,anonymous,EN,8.065,8.065,12.642,1,4,1,,2,2,1,,2,,33,2,1,4,4,control
2/23/2023 13:46,2/23/2023 13:51,0,100,302,1,2/23/2023 13:51,R_ezVh9ixbxTnqXBv,,,,,anonymous,EN,20.868,20.868,27.642,1,4,,1,4,4,1,,1,,45,2,1,5,4,decoy
2/23/2023 13:47,2/23/2023 13:51,0,100,278,1,2/23/2023 13:51,R_1IgWxAjZhyshtEd,,,,,anonymous,EN,8.554,8.554,20.5,1,3,,1,4,4,1,,2,,26,1,1,1,5,decoy
2/23/2023 13:49,2/23/2023 13:52,0,100,151,1,2/23/2023 13:52,R_1OlsRDArvKKnb5N,,,,,anonymous,EN,0,0,4.505,0,6,1,,1,2,1,,2,,42,2,1,3,5,control
2/23/2023 13:49,2/23/2023 13:52,0,100,187,1,2/23/2023 13:52,R_UrUn18raOAhxTvr,,,,,anonymous,EN,0,0,1.724,0,6,,2,3,3,2,,2,,53,2,3,5,5,decoy
2/23/2023 13:44,2/23/2023 13:52,0,100,519,1,2/23/2023 13:52,R_2vexKeBnj78RzNu,,,,,anonymous,EN,0,0,29.08,0,3,1,,4,1,1,,2,,67,3,1,4,3,control
2/23/2023 13:21,2/23/2023 13:53,0,100,1907,1,2/23/2023 13:53,R_2WO96pq7HCddaih,,,,,anonymous,EN,2.222,4.894,6.698,3,3,,1,1,1,1,,2,,31,1,1,4,5,decoy
2/23/2023 13:46,2/23/2023 13:54,0,100,482,1,2/23/2023 13:54,R_3L13SKZd84rJwPW,,,,,anonymous,EN,4.644,4.644,37.56,1,5,1,,4,2,1,,2,,51,1,1,3,3,control
2/23/2023 13:49,2/23/2023 13:55,0,100,322,1,2/23/2023 13:55,R_1l6U43D7UMS9Id7,,,,,anonymous,EN,1.781,11.481,18.572,13,3,1,,1,2,1,,1,,32,1,1,3,2,control
2/23/2023 13:53,2/23/2023 13:56,0,100,179,1,2/23/2023 13:56,R_3ndOLaqpxi8mgqt,,,,,anonymous,EN,0,0,2.839,0,6,2,,2,2,1,,2,,22,1,1,2,3,control
2/23/2023 13:51,2/23/2023 13:56,0,100,321,1,2/23/2023 13:56,R_2D2eAbcW3LokJYm,,,,,anonymous,EN,0,0,28.614,0,7,,3,4,4,1,,1,,59,2,1,4,4,decoy
2/23/2023 13:53,2/23/2023 13:56,0,100,186,1,2/23/2023 13:56,R_Rnn33zOQ12zPr69,,,,,anonymous,EN,0,0,7.027,0,3,,1,4,4,1,,1,,27,2,1,1,5,decoy
2/23/2023 13:53,2/23/2023 13:57,0,100,261,1,2/23/2023 13:57,R_s80oUrE8FRiLELT,,,,,anonymous,EN,2.182,5.819,9.215,4,4,1,,4,2,1,,4,,35,1,4,2,4,control
2/23/2023 13:55,2/23/2023 13:58,0,100,186,1,2/23/2023 13:58,R_31hFgaKMvqMjb12,,,,,anonymous,EN,1.725,1.916,4.459,2,3,,1,2,2,1,,1,,24,1,1,5,4,decoy
2/23/2023 13:52,2/23/2023 13:58,0,100,389,1,2/23/2023 13:58,R_3KqhSiYgro6SFV7,,,,,anonymous,EN,74.623,79.543,85.976,3,3,1,,2,2,1,,1,,45,3,1,1,2,control
2/23/2023 13:53,2/23/2023 13:58,0,100,331,1,2/23/2023 13:58,R_1GwYZAeKWOz8vo1,,,,,anonymous,EN,0,0,12.505,0,3,,1,4,4,1,,1,,30,2,1,5,5,decoy
2/23/2023 13:55,2/23/2023 13:59,0,100,218,1,2/23/2023 13:59,R_qWV2U9Ojze2pMop,,,,,anonymous,EN,0,0,9.295,0,3,1,,4,1,1,,1,,19,1,1,5,2,control
2/23/2023 13:55,2/23/2023 13:59,0,100,213,1,2/23/2023 13:59,R_3fxGGuDzxg2rv1D,,,,,anonymous,EN,0,0,2.8,0,7,,1,1,2,1,,1,,30,2,2,5,5,decoy
2/23/2023 13:53,2/23/2023 13:59,0,100,375,1,2/23/2023 13:59,R_1IvbY2b2qBRzLpM,,,,,anonymous,EN,0,0,11.789,0,4,1,,3,1,1,,1,,29,2,1,5,4,control
2/23/2023 13:54,2/23/2023 13:59,0,100,331,1,2/23/2023 13:59,R_zdmH7Y3oMtHBTjz,,,,,anonymous,EN,0,0,14.836,0,3,,1,1,1,1,,1,,40,3,1,3,3,decoy
2/23/2023 13:50,2/23/2023 14:00,0,100,574,1,2/23/2023 14:00,R_OflKk5R62fGUqiZ,,,,,anonymous,EN,12.37,13.219,41.758,3,5,,1,2,2,1,,1,,53,3,1,2,2,decoy
2/23/2023 13:55,2/23/2023 14:00,0,100,319,1,2/23/2023 14:00,R_1dtMX0ubVcwJeMw,,,,,anonymous,EN,0,0,27.723,0,3,,1,1,2,4,,2,,45,2,1,5,5,decoy
2/23/2023 13:55,2/23/2023 14:04,0,100,565,1,2/23/2023 14:04,R_2zZtsXsnUosQhno,,,,,anonymous,EN,0,0,15.317,0,7,2,,1,1,2,,1,,31,1,1,5,4,control
2/23/2023 13:55,2/23/2023 14:04,0,100,546,1,2/23/2023 14:04,R_3JmTpiTNeWTO0Qs,,,,,anonymous,EN,27.774,27.774,29.092,1,4,1,,1,2,1,,2,,64,2,1,5,4,control
2/23/2023 14:00,2/23/2023 14:05,0,100,295,1,2/23/2023 14:05,R_AbuNvuoBPOrCVxv,,,,,anonymous,EN,0,0,29.81,0,4,,1,2,2,1,,2,,33,1,1,2,5,decoy
2/23/2023 14:03,2/23/2023 14:06,0,100,185,1,2/23/2023 14:06,R_xmgyACkT2gJtMEF,,,,,anonymous,EN,0,0,5.509,0,3,1,,4,4,5,,2,,42,3,1,5,4,control
2/23/2023 14:03,2/23/2023 14:07,0,100,259,1,2/23/2023 14:07,R_D7wuv1yNeuA8sQV,,,,,anonymous,EN,8.843,8.843,10.849,1,3,,1,4,4,1,,1,,44,1,1,2,3,decoy
2/23/2023 14:04,2/23/2023 14:07,0,100,213,1,2/23/2023 14:07,R_2ds7fLWprXe3QqR,,,,,anonymous,EN,0,0,10.967,0,4,1,,4,2,1,,1,,46,2,1,5,4,control
2/23/2023 14:03,2/23/2023 14:08,0,100,299,1,2/23/2023 14:08,R_1ifYVe0q5W2tR4m,,,,,anonymous,EN,0,0,20.095,0,4,,1,4,4,1,,2,,56,2,1,5,5,decoy
2/23/2023 13:58,2/23/2023 14:08,0,100,626,1,2/23/2023 14:08,R_1CmBltk1fanbRxw,,,,,anonymous,EN,1.488,13.985,32.801,4,4,1,,4,2,2,,2,,27,1,1,1,2,control
2/23/2023 14:00,2/23/2023 14:08,0,100,468,1,2/23/2023 14:08,R_4OXVtv84NlzfsE9,,,,,anonymous,EN,0,0,21.842,0,3,1,,1,2,6,Mixed,1,,41,1,1,1,4,control
2/23/2023 14:01,2/23/2023 14:08,0,100,433,1,2/23/2023 14:08,R_27O4mDuJqEKd8Lw,,,,,anonymous,EN,0,0,16.189,0,3,,1,2,2,2,,2,,37,2,1,3,3,decoy
2/23/2023 14:02,2/23/2023 14:08,0,100,406,1,2/23/2023 14:08,R_2ZVcdZve3nadw4M,,,,,anonymous,EN,0,0,41.427,0,6,,2,2,2,3,,2,,39,2,1,4,2,decoy
2/23/2023 14:08,2/23/2023 14:10,0,100,140,1,2/23/2023 14:10,R_szGlCTM9bdSuq4h,,,,,anonymous,EN,0,0,8.888,0,,,1,1,2,1,,1,,23,1,1,3,4,decoy
2/23/2023 14:05,2/23/2023 14:11,0,100,338,1,2/23/2023 14:11,R_XT8EIX5d2bGjX7X,,,,,anonymous,EN,0,0,28.529,0,3,,1,1,1,1,,1,,59,2,1,3,4,decoy
2/23/2023 14:03,2/23/2023 14:11,0,100,453,1,2/23/2023 14:11,R_OqFklmyxET8ZLr3,,,,,anonymous,EN,18.321,18.321,27.694,1,3,1,,1,4,,,2,,68,3,1,2,5,control
2/23/2023 14:07,2/23/2023 14:11,0,100,256,1,2/23/2023 14:11,R_en9Bt1oy393YAJr,,,,,anonymous,EN,0,0,18.719,0,4,1,,2,2,1,,2,,55,1,1,5,2,control
2/23/2023 14:08,2/23/2023 14:11,0,100,163,1,2/23/2023 14:11,R_1cTgtNlLlvsleXc,,,,,anonymous,EN,0,0,3.581,0,3,,1,4,4,1,,1,,32,1,1,3,5,decoy
2/23/2023 14:06,2/23/2023 14:12,0,100,339,1,2/23/2023 14:12,R_1IaBCkn1OjvliDu,,,,,anonymous,EN,0,0,22.545,0,6,2,,2,2,1,,2,,21,1,1,5,2,control
2/23/2023 14:10,2/23/2023 14:13,0,100,130,1,2/23/2023 14:13,R_86QBD0P9lF0plGF,,,,,anonymous,EN,0,0,8.736,0,7,,3,1,1,2,,1,,20,1,1,2,2,decoy
2/23/2023 14:08,2/23/2023 14:14,0,100,329,1,2/23/2023 14:14,R_1KfkBdwwXn5p4AR,,,,,anonymous,EN,0,0,24.469,0,7,,3,1,1,4,,1,,26,1,1,3,3,decoy
2/23/2023 14:08,2/23/2023 14:15,0,100,450,1,2/23/2023 14:15,R_3iPAuQCm6cXcxfg,,,,,anonymous,EN,18.002,18.002,33.593,1,7,,3,2,2,1,,1,,40,3,1,1,2,decoy
2/23/2023 14:08,2/23/2023 14:16,0,100,469,1,2/23/2023 14:16,R_T6mYndyZwXzpeUN,,,,,anonymous,EN,17.307,17.307,18.303,1,3,,1,4,2,4,,2,,50,2,1,5,5,decoy
2/23/2023 14:12,2/23/2023 14:17,0,100,273,1,2/23/2023 14:17,R_2ydrOrino1eUB8e,,,,,anonymous,EN,0,0,10.648,0,3,,1,4,4,1,,2,,47,1,1,3,5,decoy
2/23/2023 14:12,2/23/2023 14:17,0,100,280,1,2/23/2023 14:17,R_1IaesAym2e5ETxC,,,,,anonymous,EN,0,0,21.639,0,3,1,,3,3,1,,2,,47,2,1,5,5,control
2/23/2023 14:03,2/23/2023 14:17,0,100,828,1,2/23/2023 14:17,R_22AdpD13Go29b7q,,,,,anonymous,EN,0,0,39.776,0,4,1,,4,4,1,,2,,71,3,1,1,4,control
2/23/2023 14:15,2/23/2023 14:17,0,100,120,1,2/23/2023 14:17,R_2D5IZ5th3nUz1xD,,,,,anonymous,EN,0.865,0.865,1.402,1,5,,2,2,2,1,,2,,27,1,2,3,4,decoy
2/23/2023 14:08,2/23/2023 14:17,0,100,538,1,2/23/2023 14:17,R_1JXjspClm2uLAsm,,,,,anonymous,EN,38.353,38.353,48.271,1,4,1,,4,3,1,,1,,55,3,1,2,4,control
2/23/2023 14:13,2/23/2023 14:18,0,100,260,1,2/23/2023 14:18,R_UEgaMur0n2SF7fH,,,,,anonymous,EN,0,0,11.812,0,3,1,,3,4,1,,2,,44,2,1,6,4,control
2/23/2023 14:11,2/23/2023 14:18,0,100,394,1,2/23/2023 14:18,R_2arIf7xzEafnHh2,,,,,anonymous,EN,19.042,19.042,20.26,1,3,,1,4,4,1,,1,,39,1,1,2,2,decoy
2/23/2023 14:12,2/23/2023 14:18,0,100,372,1,2/23/2023 14:18,R_URtwDiAOmnFOta1,,,,,anonymous,EN,0,0,5.073,0,6,1,,1,2,1,,2,,62,2,1,3,5,control
2/23/2023 14:14,2/23/2023 14:18,0,100,230,1,2/23/2023 14:18,R_1jP038dohBDhpOr,,,,,anonymous,EN,0,0,11.461,0,3,,1,1,1,1,,1,,64,2,1,5,5,decoy
2/23/2023 14:15,2/23/2023 14:18,0,100,190,1,2/23/2023 14:18,R_22J2yM7XNNGADKG,,,,,anonymous,EN,0,0,6.571,0,3,1,,4,2,1,,2,,32,1,1,3,5,control
2/23/2023 14:14,2/23/2023 14:20,0,100,371,1,2/23/2023 14:20,R_bpW1cW5a3gPekb7,,,,,anonymous,EN,6.511,24.268,26.695,5,5,1,,2,2,1,,2,,38,2,1,5,4,control
2/23/2023 14:14,2/23/2023 14:20,0,100,347,1,2/23/2023 14:20,R_1Qy1zVecJ5KZlu3,,,,,anonymous,EN,19.751,60.468,67.102,3,3,1,,3,3,2,,3,,28,1,1,4,4,control
2/23/2023 14:16,2/23/2023 14:20,0,100,278,1,2/23/2023 14:20,R_29nvpQjrEmP9EGP,,,,,anonymous,EN,15.08,17.329,19.032,2,3,1,,3,3,1,,2,,40,1,1,2,2,control
2/23/2023 14:15,2/23/2023 14:21,0,100,324,1,2/23/2023 14:21,R_3KBlAcuhSUCswfC,,,,,anonymous,EN,0,0,19.31,0,3,1,,1,2,6,middle eastern,2,,36,2,1,5,4,control
2/23/2023 14:17,2/23/2023 14:21,0,100,288,1,2/23/2023 14:21,R_2dnJy5yMvD9HnAV,,,,,anonymous,EN,0,0,24.44,0,3,,1,4,2,1,,2,,39,2,1,5,4,decoy
2/23/2023 14:17,2/23/2023 14:22,0,100,252,1,2/23/2023 14:22,R_3PY8IdenD9Pm7NS,,,,,anonymous,EN,0,0,14.229,0,3,1,,4,4,1,,1,,24,1,1,3,2,control
2/23/2023 14:12,2/23/2023 14:23,0,100,656,1,2/23/2023 14:23,R_3qNX0uMphHSXgUV,,,,,anonymous,EN,64.256,65.012,75.839,5,3,,1,4,4,1,,2,,51,3,1,3,2,decoy
2/23/2023 14:16,2/23/2023 14:23,0,100,416,1,2/23/2023 14:23,R_cAU0MeJtOVuKjbX,,,,,anonymous,EN,0,0,28.07,0,5,1,,4,1,1,,2,,61,3,1,1,2,control
2/23/2023 14:20,2/23/2023 14:24,0,100,253,1,2/23/2023 14:24,R_1ln6yf4Kzi0J8vT,,,,,anonymous,EN,0,0,20.86,0,3,,1,2,2,1,,2,,26,2,1,5,4,decoy
2/23/2023 14:18,2/23/2023 14:24,0,100,356,1,2/23/2023 14:24,R_2X7BaK1tZxjtVuH,,,,,anonymous,EN,11.486,11.486,21.598,1,5,1,,4,4,2,,2,,55,2,1,3,4,control
2/23/2023 14:19,2/23/2023 14:24,0,100,285,1,2/23/2023 14:24,R_8uDvlEaY2GoqwNP,,,,,anonymous,EN,0,0,3.865,0,5,1,,2,2,6,,2,,36,2,1,1,2,control
2/23/2023 14:18,2/23/2023 14:24,0,100,381,1,2/23/2023 14:24,R_1jvw04RDrpDJrsG,,,,,anonymous,EN,13.899,13.899,18.814,1,7,,3,2,2,2,,1,,46,2,1,2,5,decoy
2/23/2023 14:16,2/23/2023 14:25,0,100,540,1,2/23/2023 14:25,R_9HJJQrvQJtIbrJD,,,,,anonymous,EN,4.893,4.893,6.422,1,5,,2,2,2,1,,2,,53,3,1,6,4,decoy
2/23/2023 14:19,2/23/2023 14:25,0,100,314,1,2/23/2023 14:25,R_UcJyOEcNJODFqed,,,,,anonymous,EN,5.654,5.654,25.605,1,6,,3,4,2,4,,2,,37,3,1,5,5,decoy
2/23/2023 14:18,2/23/2023 14:25,0,100,395,1,2/23/2023 14:25,R_1eY4E5zAKKLXpaV,,,,,anonymous,EN,6.212,8.886,11.394,2,4,1,,4,2,1,,5,m,61,2,1,5,4,control
2/23/2023 14:20,2/23/2023 14:25,0,100,310,1,2/23/2023 14:25,R_32PCR2gbgmsmdIk,,,,,anonymous,EN,5.082,5.082,7.054,1,3,,1,1,1,2,,2,,23,1,1,2,4,decoy
2/23/2023 14:20,2/23/2023 14:25,0,100,318,1,2/23/2023 14:25,R_2tsYsxS3Pb5YbIn,,,,,anonymous,EN,15.026,15.026,16.792,1,6,,2,2,2,1,,1,,47,2,1,3,4,decoy
2/23/2023 14:22,2/23/2023 14:26,0,100,266,1,2/23/2023 14:26,R_1DYIizZkyEJHEth,,,,,anonymous,EN,0,0,26.857,0,5,1,,1,1,2,,1,,36,1,1,2,2,control
2/23/2023 14:06,2/23/2023 14:27,0,100,1276,1,2/23/2023 14:27,R_2BA0ZddsS3eeXhS,,,,,anonymous,EN,0.576,414.796,423.562,7,6,2,,2,1,1,,1,,35,2,1,4,4,control
2/23/2023 14:23,2/23/2023 14:28,0,100,301,1,2/23/2023 14:28,R_1NrlxH6ivFJMrrI,,,,,anonymous,EN,5.463,8.071,10.049,3,7,1,,1,1,2,,1,,57,2,2,5,5,control
2/23/2023 14:23,2/23/2023 14:28,0,100,335,1,2/23/2023 14:28,R_2RVzZi5Eph46JgJ,,,,,anonymous,EN,0,0,12.789,0,3,1,,4,4,1,,2,,43,2,1,2,3,control
2/23/2023 14:19,2/23/2023 14:30,0,100,669,1,2/23/2023 14:30,R_1cZjuGrTTeO3twk,,,,,anonymous,EN,0,0,12.047,0,3,,1,4,4,1,,2,,45,3,2,5,5,decoy
2/23/2023 14:23,2/23/2023 14:31,0,100,462,1,2/23/2023 14:31,R_5vwJhpcqCKK1jYl,,,,,anonymous,EN,0,0,56.861,0,4,,1,3,3,1,,1,,46,2,1,5,2,decoy
2/23/2023 14:24,2/23/2023 14:31,0,100,431,1,2/23/2023 14:31,R_2c7xmwHZAo78Dqn,,,,,anonymous,EN,0,0,6.93,0,,,1,4,4,1,,1,,41,1,1,2,4,decoy
2/23/2023 14:25,2/23/2023 14:32,0,100,441,1,2/23/2023 14:32,R_3HXNg7ESO36j2SL,,,,,anonymous,EN,0,0,25.47,0,3,1,,1,1,2,,1,,38,1,1,2,2,control
2/23/2023 14:36,2/23/2023 14:40,0,100,265,1,2/23/2023 14:40,R_11c2p12zqFdKbhB,,,,,anonymous,EN,0,0,5.7,0,7,,2,2,2,2,,2,,24,2,1,2,5,decoy
2/23/2023 14:32,2/23/2023 14:40,0,100,488,1,2/23/2023 14:40,R_2WUrSNmsImwwkYj,,,,,anonymous,EN,0,0,43.881,0,6,2,,3,1,2,,2,,61,3,1,2,3,control
2/23/2023 14:25,2/23/2023 14:48,0,100,1395,1,2/23/2023 14:48,R_1f2SvTsgBUpAkSn,,,,,anonymous,EN,10.815,25.092,25.605,3,3,1,,2,2,2,,2,,41,1,1,1,4,control
2/23/2023 14:25,2/23/2023 15:03,0,100,2268,1,2/23/2023 15:03,R_2CWIUAQ6WyvAt7e,,,,,anonymous,EN,2.179,2.179,304.915,1,3,,1,4,4,2,,2,,33,1,3,4,4,decoy